{"cameraMode":{"drawMode":0,"name":"Shaded","section":"Shading Mode"},"sceneLighting":true,"audioPlay":false,"sceneViewState":{"showFog":true,"showMaterialUpdate":false,"showSkybox":true,"showFlares":true,"showImageEffects":true,"showParticleSystems":true},"in2DMode":false,"pivot":{"x":-16.0042781829834,"y":0.5016692876815796,"z":6.995545387268066},"rotation":{"x":0.03812478110194206,"y":-0.9587565064430237,"z":0.15551425516605378,"w":0.23491112887859345},"size":3.3644297122955324,"orthographic":true}